Anko/ankoku_001.png		
Anko/ankoku_002.png		
Anko/ankoku_003.png		
Anko/ankoku_004.png		
Anko/y_ankoku.png		
Awamo/awamo_001.png		
Awamo/awamo_002.png		
Awamo/awamo_003.png		
Awamo/awamo_004.png		
Awamo/awamo_005.png		
Awamo/awamo_006.png		
Awamo/g_awamo.png		
Awamo/y_awamo.png		
Chanko/chanko_001.png		
Chanko/chanko_002.png		
Chanko/chanko_003.png		
Chanko/chanko_004.png		
Chanko/chanko_005.png		
Chanko/chanko_006.png		
Chanko/chanko_007.png		
Chanko/chanko_008.png		
Chanko/chanko_009.png		
Chanko/chanko_010.png		
Chanko/g_chanko.png		
Chuwa.mod/chuwa1.png		pokemon_(creature), 1girl, 1boy
Chuwa.mod/chuwa10.png		pokemon_(creature), 1girl, 1boy
Chuwa.mod/chuwa11.png		pokemon_(creature), 1girl, 1boy
Chuwa.mod/chuwa12.png		pokemon_(creature), 1girl, 1boy
Chuwa.mod/chuwa13.png		pokemon_(creature), 1girl, 1boy
Chuwa.mod/chuwa14.png		pokemon_(creature), 1girl, 1boy
Chuwa.mod/chuwa15.png		pokemon_(creature), 1girl, 1boy
Chuwa.mod/chuwa16.png		pokemon_(creature), 1girl, 1boy
Chuwa.mod/chuwa17.png		pokemon_(creature), 1girl, 1boy
Chuwa.mod/chuwa18.png		pokemon_(creature), 1girl, 1boy
Chuwa.mod/chuwa19.png		pokemon_(creature), 1girl, 1boy
Chuwa.mod/chuwa2.png		pokemon_(creature), 1girl, 1boy
Chuwa.mod/chuwa20.png		pokemon_(creature), 1girl, 1boy
Chuwa.mod/chuwa21.png		pokemon_(creature), 1girl, 1boy
Chuwa.mod/chuwa22.png		pokemon_(creature), 1girl, 1boy
Chuwa.mod/chuwa3.png		pokemon_(creature), 1girl, 1boy
Chuwa.mod/chuwa4.png		pokemon_(creature), 1girl, 1boy
Chuwa.mod/chuwa5.png		pokemon_(creature), 1girl, 1boy
Chuwa.mod/chuwa6.png		pokemon_(creature), 1girl, 1boy
Chuwa.mod/chuwa7.png		pokemon_(creature), 1girl, 1boy
Chuwa.mod/chuwa8.png		pokemon_(creature), 1girl, 1boy
Chuwa.mod/chuwa9.png		pokemon_(creature), 1girl, 1boy
Chuwa.mod/oc_chuwa1.png		pokemon_(creature), 1girl, 1boy
Chuwa.mod/oc_chuwa2.png		pokemon_(creature), 1girl, 1boy
Chuwa.mod/oc_chuwa3.png		pokemon_(creature), 1girl, 1boy
Hokamel/g_melon.png		
Hokamel/melon_001.png		
Hokamel/melon_002.png		
Hokamel/melon_003.png		
Hokamel/melon_004.png		
Hokamel/melon_005.png		
Hokamel/melon_006.png		
Hokamel/melon_007.png		
Hokamel/melon_008.png		
Hokamel/y_melon.png		
Itako.mod/a1zunko104.png		
Itako.mod/a1zunko111.png		
Itako.mod/a1zunko115.png		
Itako.mod/a1zunko16.png		
Itako.mod/a1zunko30.png		
Itako.mod/a1zunko38.png		
Itako.mod/a1zunko48.png		
Itako.mod/a1zunko52.png		
Itako.mod/a1zunko58.png		
Itako.mod/a1zunko59.png		
Itako.mod/a1zunko78.png		
Itako.mod/a1zunko89.png		
Itako.mod/a1zunko97.png		
Itako.mod/ita_1001.png		
Itako.mod/ita_3001.png		
Itako.mod/ita_3002.png		
Itako.mod/ita_3005.png		
Itako.mod/ita_3006.png		
Itako.mod/ita_3007_cr.png		
Itako.mod/ita_3008.png		
Itako.mod/ita_3009.png		
Itako.mod/ita_3010.png		
Itako.mod/ita_3011.png		
Itako.mod/ita_3012.png		
Itako.mod/ita_3013.png		
Itako.mod/ita_3014.png		
Itako.mod/ita_3015.png		
Itako.mod/ita_3016.png		
Itako.mod/ita_3017.png		
Itako.mod/ita_3018.png		
Itako.mod/ita_3019.png		
Itako.mod/ita_3021.png		
Itako.mod/ita_3022.png		
Itako.mod/ita_3026.png		
Itako.mod/ita_3027.png		
Itako/a1zunko104.png		
Itako/a1zunko111.png		
Itako/a1zunko115.png		
Itako/a1zunko16.png		
Itako/a1zunko30.png		
Itako/a1zunko38.png		
Itako/a1zunko48.png		
Itako/a1zunko52.png		
Itako/a1zunko58.png		
Itako/a1zunko59.png		
Itako/a1zunko78.png		
Itako/a1zunko89.png		
Itako/a1zunko97.png		
Itako/ita_1001.png		
Itako/ita_3001.png		
Itako/ita_3002.png		
Itako/ita_3005.png		
Itako/ita_3006.png		
Itako/ita_3007_cr.png		
Itako/ita_3008.png		
Itako/ita_3009.png		
Itako/ita_3010.png		
Itako/ita_3011.png		
Itako/ita_3012.png		
Itako/ita_3013.png		
Itako/ita_3014.png		
Itako/ita_3015.png		
Itako/ita_3016.png		
Itako/ita_3017.png		
Itako/ita_3018.png		
Itako/ita_3019.png		
Itako/ita_3021.png		
Itako/ita_3022.png		
Itako/ita_3026.png		
Itako/ita_3027.png		
Itako_sd/itako_apple.png		
Itako_sd/itako_gya.png		
Itako_sd/itako_shiori.png		
Itako_sd/itako_standup.png		
Itako_sd/itako_tama.png		
Itako_sd/itako_tea.png		
Itako_sd/itako_tou.png		
Itako_sd/itako_tou2.png		
Itako_sd/itako_tou3.png		
Itako_sd/itako_tou4.png		
Itako_sd/itako_zuzaaa.png		
Itako_sd/itako_zzz.png		
Itoc.mod/a1zunko103.png		
Itoc.mod/a1zunko116.png		
Itoc.mod/a1zunko21.png		
Itoc.mod/a1zunko26.png		
Itoc.mod/a1zunko47.png		
Itoc.mod/a1zunko49.png		
Itoc.mod/a1zunko71.png		
Itoc.mod/a1zunko72.png		
Itoc.mod/a1zunko77-b.png		
Itoc.mod/a1zunko88.png		
Itoc.mod/a1zunko99.png		
Itoc.mod/ita_3003_cr.png		
Itoc.mod/ita_3004_cr.png		
Itoc.mod/ita_3020.png		
Itoc.mod/ita_3023.png		
Itoc.mod/ita_3024.png		
Itoc.mod/x_itako.png		
Itoc/a1zunko103.png		
Itoc/a1zunko116.png		
Itoc/a1zunko21.png		
Itoc/a1zunko26.png		
Itoc/a1zunko47.png		
Itoc/a1zunko49.png		
Itoc/a1zunko71.png		
Itoc/a1zunko72.png		
Itoc/a1zunko77-b.png		
Itoc/a1zunko88.png		
Itoc/a1zunko99.png		
Itoc/ita_3003_cr.png		
Itoc/ita_3004_cr.png		
Itoc/ita_3020.png		
Itoc/ita_3023.png		
Itoc/ita_3024.png		
Itoc/x_itako.png		
Kioc.mod/a1zunko100.png		
Kioc.mod/a1zunko110.png		
Kioc.mod/a1zunko113.png		
Kioc.mod/a1zunko22.png		
Kioc.mod/a1zunko27.png		
Kioc.mod/a1zunko31.png		
Kioc.mod/a1zunko40.png		
Kioc.mod/a1zunko41.png		
Kioc.mod/a1zunko42.png		
Kioc.mod/a1zunko45.png		
Kioc.mod/a1zunko51.png		
Kioc.mod/a1zunko54.png		
Kioc.mod/a1zunko57.png		
Kioc.mod/a1zunko73.png		
Kioc.mod/a1zunko75-a.png		
Kioc.mod/a1zunko84.png		
Kioc.mod/a1zunko86.png		
Kioc.mod/a1zunko90.png		
Kioc.mod/a1zunko94.png		
Kioc.mod/kiri_2001.png		
Kioc.mod/kiri_3024.png		
Kioc.mod/kiri_3025.png		
Kioc.mod/x_kiritan.png		
Kioc/a1zunko100.png		
Kioc/a1zunko110.png		
Kioc/a1zunko113.png		
Kioc/a1zunko22.png		
Kioc/a1zunko27.png		
Kioc/a1zunko31.png		
Kioc/a1zunko40.png		
Kioc/a1zunko41.png		
Kioc/a1zunko42.png		
Kioc/a1zunko45.png		
Kioc/a1zunko51.png		
Kioc/a1zunko54.png		
Kioc/a1zunko57.png		
Kioc/a1zunko73.png		
Kioc/a1zunko75-a.png		
Kioc/a1zunko84.png		
Kioc/a1zunko86.png		
Kioc/a1zunko90.png		
Kioc/a1zunko94.png		
Kioc/kiri_2001.png		
Kioc/kiri_3024.png		
Kioc/kiri_3025.png		
Kioc/x_kiritan.png		
Kiritan.mod/a1zunko112.png		
Kiritan.mod/a1zunko114.png		
Kiritan.mod/a1zunko18.png		
Kiritan.mod/a1zunko32.png		
Kiritan.mod/a1zunko33.png		
Kiritan.mod/a1zunko35.png		
Kiritan.mod/a1zunko39.png		
Kiritan.mod/a1zunko43.png		
Kiritan.mod/a1zunko44.png		
Kiritan.mod/a1zunko64.png		
Kiritan.mod/a1zunko79.png		
Kiritan.mod/a1zunko85.png		
Kiritan.mod/a1zunko92.png		
Kiritan.mod/a1zunko93.png		
Kiritan.mod/a1zunko95.png		
Kiritan.mod/kiri_2002.png		
Kiritan.mod/kiri_2003.png		
Kiritan.mod/kiri_3001.png		
Kiritan.mod/kiri_3002.png		
Kiritan.mod/kiri_3003.png		
Kiritan.mod/kiri_3004.png		
Kiritan.mod/kiri_3005_cr.png		
Kiritan.mod/kiri_3006_cr.png		
Kiritan.mod/kiri_3007.png		
Kiritan.mod/kiri_3008.png		
Kiritan.mod/kiri_3010.png		
Kiritan.mod/kiri_3011.png		
Kiritan.mod/kiri_3012.png		
Kiritan.mod/kiri_3013.png		
Kiritan/a1zunko112.png		
Kiritan/a1zunko114.png		
Kiritan/a1zunko18.png		
Kiritan/a1zunko27.png		
Kiritan/a1zunko32.png		
Kiritan/a1zunko33.png		
Kiritan/a1zunko35.png		
Kiritan/a1zunko39.png		
Kiritan/a1zunko43.png		
Kiritan/a1zunko44.png		
Kiritan/a1zunko64.png		
Kiritan/a1zunko79.png		
Kiritan/a1zunko85.png		
Kiritan/a1zunko92.png		
Kiritan/a1zunko93.png		
Kiritan/a1zunko95.png		
Kiritan/kiri_2002.png		
Kiritan/kiri_2003.png		
Kiritan/kiri_3001.png		
Kiritan/kiri_3002.png		
Kiritan/kiri_3003.png		
Kiritan/kiri_3004.png		
Kiritan/kiri_3005_cr.png		
Kiritan/kiri_3006_cr.png		
Kiritan/kiri_3007.png		
Kiritan/kiri_3008.png		
Kiritan/kiri_3010.png		
Kiritan/kiri_3011.png		
Kiritan/kiri_3012.png		
Kiritan/kiri_3013.png		
Kiritan/kiri_3014.png		
Kiritan/kiri_3015.png		
Kiritan/kiri_3016.png		
Kiritan/kiri_3017.png		
Kiritan/kiri_3018.png		
Kiritan/kiri_3019.png		
Kiritan/kiri_3020.png		
Kiritan/kiri_3021.png		
Kiritan/kiri_3022.png		
Kiritan/kiri_3023.png		
Kiritan_sd/kiritan_fly2.png		
Kiritan_sd/kiritan_fly4.png		
Kiritan_sd/kiritan_nabe.png		
Kiritan_sd/kiritan_shiori.png		
Kiritan_sd/kiritan_sleep.png		
Kiritan_sd/kiritan_standup.png		
Kiritan_sd/kiritan_tou.png		
Kiritan_sd/kiritan_utsu.png		
Meoc/g_metan.png		
Meoc/met002_cr.png		
Meoc/met007.png		
Meoc/met010.png		
Meoc/y_metan.png		
Metan/met001.png	black_ribbon, black_skirt	
Metan/met003.png	black_ribbon	
Metan/met004.png	white_ribbon	
Metan/met005.png		
Metan/met006.png	black_ribbon, 	
Metan/met008.png	white_ribbon	
Metan/met009.png		
Metan/met011.png	white_ribbon	
Metan/met012.png	black_ribbon	
Metan/met013.png	black_ribbon	
Metan/metan_001.png		
Metan/metan_002.png	white_ribbon	
Metan/metan_003.png		
Metan/metan_004.png		
Metan/metan_005.png	aqua_ribbon, blue_ribbon	
Metan/metan_006.png	black_ribbon, black_skirt	
Metan/metan_007.png		
Shinobi/g_shinobi.png		
Shinobi/shinobi_001.png		
Shinobi/shinobi_002.png		
Shinobi/shinobi_003.png		
Shinobi/shinobi_004.png		
Shinobi/shinobi_005.png		
Shinobi/shinobi_006.png		
Shinobi/shinobi_007.png		
Shinobi/shinobi_008.png		
Shinobi/y_shinobi.png		
Sora/g_sora.png		
Sora/sora_001.png		
Sora/sora_002.png		
Sora/sora_003.png		
Sora/sora_005.png		
Sora/sora_006.png		
Sora/sora_007.png		
Sora/sora_008.png		
Sora/sora_009.png		
Sora/sora_010.png		
Sora/sora_011.png		
Sora/sora_012.png		
Sora/sora_013.png		
Sora/sora_014.png		
Sora/y_sora.png		
Sora_sd/sora_004.png		
Sora_sd/sora_s001.png		
Sora_sd/sora_s002.png		
Sora_sd/sora_s003.png		
Sora_sd/sora_s004.png		
Tsurugi/g_tsurugi.png		
Tsurugi/tsurugi_001-a.png		
Tsurugi/tsurugi_001-b.png		
Tsurugi/tsurugi_002-a.png		
Tsurugi/tsurugi_002-b.png		
Tsurugi/tsurugi_003.png		
Tsurugi/tsurugi_004.png		
Tsurugi/tsurugi_005.png		
Tsurugi/tsurugi_006.png		
Tsurugi/tsurugi_007.png		
Tsurugi/y_tsurugi.png		
Usagi/g_usagi.png		
Usagi/usagi_001.png		
Usagi/usagi_002.png		
Usagi/usagi_003.png		
Usagi/usagi_004.png		
Usagi/usagi_005.png		
Usagi/usagi_006.png		
Usagi/usagi_007.png		
Usagi/usagi_008.png		
Usagi/usagi_009.png		
Usagi/usagi_010.png		
Usagi/usagi_011.png		
Usagi/usagi_012.png		
Usagi/y_usagi.png		
Usagi_sd/usagi_s001.png		
Usagi_sd/usagi_s002.png		
Usagi_sd/usagi_s003.png		
Usagi_sd/usagi_s004.png		
Zfr/x_zundamon.png		pokemon_(creature), 1girl, 1boy
Zfr/zmon_1001.png		pokemon_(creature), 1girl, 1boy
Zfr/zmon_1002.png		pokemon_(creature), 1girl, 1boy
Zfr/zmon_1003.png		pokemon_(creature), 1girl, 1boy
Zfr/zmon_1004.png		pokemon_(creature), 1girl, 1boy
Zfr/zmon_1005.png		pokemon_(creature), 1girl, 1boy
Zfr/zmon_2001.png		pokemon_(creature), 1girl, 1boy
Zfr/zmon_2002.png		pokemon_(creature), 1girl, 1boy
Zfr/zmon_2003.png		pokemon_(creature), 1girl, 1boy
Zfr/zundamon1.png		pokemon_(creature), 1girl, 1boy
Zundamon/zunmon002.png		
Zundamon/zunmon003.png		
Zundamon/zunmon004.png		
Zundamon/zunmon005.png		
Zundamon/zunmon006.png		
Zundamon/zunmon007.png		
Zundamon/zunmon008.png		
Zundamon/zunmon009.png		
Zundamon/zunmon010.png		
Zundamon/zunmon011.png		
Zundamon/zunmon012.png		
Zundamon/zunmon013.png		
Zundamon/zunmon014.png		
Zundamon/zunmon015.png		
Zundamon/zunmon016.png		
Zundamon/zunmon017.png		
Zundamon/zunmon018.png		
Zundamon/zunmon019.png		
Zundamon/zunmon020.png		
Zundamon/zunmon021.png		
Zundamon/zunmon022.png		
Zundamon/zunmon023.png		
Zundamon/zunmon024.png		
Zundamon/zunmon025.png		
Zundamon/zunmon026.png		
Zundamon_sd/zunmon001.png		
Zundamon_sd/zunmon_3001.png		
Zundamon_sd/zunmon_3002.png		
Zundamon_sd/zunmon_3003.png		
Zundamon_sd/zunmon_3004.png		
Zunko/a1zunko06.png		
Zunko/a1zunko107.png		
Zunko/a1zunko109.png		
Zunko/a1zunko17.png		
Zunko/a1zunko19.png		
Zunko/a1zunko20.png		
Zunko/a1zunko29.png		
Zunko/a1zunko34.png		
Zunko/a1zunko36.png		
Zunko/a1zunko62.png		
Zunko/a1zunko63.png		
Zunko/a1zunko65.png		
Zunko/a1zunko96.png		
Zunko/z003.png		
Zunko/z004_cr.png		
Zunko/z007.png		
Zunko/z008.png		
Zunko/z009_cr.png		
Zunko/z010_cr.png		
Zunko/z011.png		
Zunko/z013.png		
Zunko/z014.png		
Zunko/z015.png		
Zunko/z016.png		
Zunko/z017.png		
Zunko/z018.png		
Zunko/z019.png		
Zunko/z020.png		
Zunko/z021.png		
Zunko/z022.png		
Zunko/z023.png		
Zunko/z026.png		
Zunko/z027.png		
Zunko/z028.png		
Zunko/z029.png		
Zunko/z030.png		
Zunko/z031.png		
Zunko/z035.png		
Zunko_sd/aruku01.png		
Zunko_sd/aruku02.png		
Zunko_sd/bikkuri_a.png		
Zunko_sd/bikkuri_b.png		
Zunko_sd/bikkurii_a.png		
Zunko_sd/bikkurii_b.png		
Zunko_sd/daruma_a.png		
Zunko_sd/daruma_b.png		
Zunko_sd/fuyumae.png		
Zunko_sd/gaaan_a.png		
Zunko_sd/gaaan_b.png		
Zunko_sd/gyaa.png		
Zunko_sd/hatena_a.png		
Zunko_sd/hatena_b.png		
Zunko_sd/kirakira.png		
Zunko_sd/masuur.png		
Zunko_sd/minifuyu.png		
Zunko_sd/miniseifu.png		
Zunko_sd/minizunda.png		
Zunko_sd/miwatasu01.png		
Zunko_sd/miwatasu02.png		
Zunko_sd/mochi01.png		
Zunko_sd/mochi02.png		
Zunko_sd/mochi03.png		
Zunko_sd/mochi04.png		
Zunko_sd/mochi05.png		
Zunko_sd/mochi_hanten.png		
Zunko_sd/naki.png		
Zunko_sd/namida.png		
Zunko_sd/ossu.png		
Zunko_sd/saihou_a.png		
Zunko_sd/saihou_b.png		
Zunko_sd/samui_a.png		
Zunko_sd/samui_b.png		
Zunko_sd/seiedama.png		
Zunko_sd/seifuku1.png		
Zunko_sd/seimae.png		
Zunko_sd/seimon_a.png		
Zunko_sd/seimon_b.png		
Zunko_sd/seitikoku_a.png		
Zunko_sd/seitikoku_b.png		
Zunko_sd/seiwink_a.png		
Zunko_sd/seiwink_b.png		
Zunko_sd/seizzz_a.png		
Zunko_sd/seizzz_b.png		
Zunko_sd/singasong.png		
Zunko_sd/suru01.png		
Zunko_sd/suru02.png		
Zunko_sd/taberu01.png		
Zunko_sd/taberu02.png		
Zunko_sd/taberu03.png		
Zunko_sd/taberu04.png		
Zunko_sd/taberu05.png		
Zunko_sd/taberu06.png		
Zunko_sd/taberu07.png		
Zunko_sd/tatsu.png		
Zunko_sd/toushin.png		
Zunko_sd/usagi_a.png		
Zunko_sd/usagi_b.png		
Zunko_sd/utubuse_a.png		
Zunko_sd/utubuse_b.png		
Zunko_sd/wa-i_a.png		
Zunko_sd/wa-i_b.png		
Zunko_sd/yumiu_a.png		
Zunko_sd/yumiu_b.png		
Zunko_sd/zundaaa_a.png		
Zunko_sd/zundaaa_b.png		
Zunko_sd/zunko_shiori.png		
Zuoc/a1zunko01.png		
Zuoc/a1zunko02.png		
Zuoc/a1zunko03.png		
Zuoc/a1zunko04.png		
Zuoc/a1zunko05.png		
Zuoc/a1zunko07.png		
Zuoc/a1zunko08.png		
Zuoc/a1zunko09.png		
Zuoc/a1zunko10.png		
Zuoc/a1zunko105.png		
Zuoc/a1zunko108.png		
Zuoc/a1zunko11.png		
Zuoc/a1zunko12.png		
Zuoc/a1zunko13-b.png		
Zuoc/a1zunko13.png		
Zuoc/a1zunko15.png		
Zuoc/a1zunko23.png		
Zuoc/a1zunko24.png		
Zuoc/a1zunko25.png		
Zuoc/a1zunko28.png		
Zuoc/a1zunko46.png		
Zuoc/a1zunko50.png		
Zuoc/a1zunko53-b.png		
Zuoc/a1zunko55.png		
Zuoc/a1zunko56.png		
Zuoc/a1zunko60.png		
Zuoc/a1zunko61.png		
Zuoc/a1zunko66-a.png		
Zuoc/a1zunko67.png		
Zuoc/a1zunko68.png		
Zuoc/a1zunko87-b.png		
Zuoc/a1zunko98.png		
Zuoc/voiceroid.png		
Zuoc/z002_cr.png		
Zuoc/z006.png		
Zuoc/z012.png		
Zuoc/z024.png		
Zuoc/z025.png		
Zuoc/z032.png		
Zuoc/z033.png		
